aaa,a97d7027-1ae1-3ce0-86e3-0fd135c5661e
berthbot,257cd08d-814e-3240-9fc2-d2b6abf86493
albertoloera,fad2560c-2e4b-3ffc-a579-5b6c0c563b49
dfoz,43419060-d004-34c9-9bb9-737d6ad4a689
elpiedroso,0aebb4a5-577a-354d-b25b-3f64d85eb9c3
heisenbergbr13,d4642da1-5917-343f-9e95-849b2397fe25
elchanclas29,bfa840e5-ae0a-3440-ac22-e33577f7bdd6
crisws4,149ae936-ab8d-312a-8087-50478c9f5590
crisws3,cc688658-e7e5-386c-b097-71e009f22df2
crisws,5ec946e5-0d24-307f-a62b-7ec9e10073c0
crisws2,44b48edf-1ea9-314c-adb1-4f203efe417d
yehcs,7119bbd8-2cdc-3ce3-ab70-43c1d71f1085
srmisalchichas,5227e2bb-a438-34d6-baf1-4888b94be8fd
barbaciega,acad1f66-e63e-39eb-b88c-4fe266bc9fbb
h4war3,72cf4aa3-d900-305b-a999-4eda75f6b3a4
juliocejudo,152086ec-6715-3c3b-99ea-99e1616902c6
heracloud,bf5b9af5-0c92-30c1-86b6-dc6be0823364
cazadorlopez,a616e9df-f26f-34cb-b152-6b6c52564a2e
abc,3d5cec06-bd15-31fa-982f-5dac8c06f1c7
cejudodark,f2186dcb-d57e-36d1-8500-89ee37776fba
cebollin,aa95511d-ed17-3024-bb4a-f1ebf7d651e3
elwassa,2cc69946-13e5-379f-adf5-6532c1d446a2
kereberox,c3c013df-78c1-3fa4-8ff4-611af7f7f861
quarry,35b4ecb6-4757-35b7-ad40-75375a79a167
crckedtest141,b552b42f-4c85-3161-809e-fd63165bfe84
kaidrasth,b382953d-8fbf-33cf-961a-0c43427ac6af
kishi1192,ce85b904-6e8f-3073-a6c1-32b9b446099c
alexchopper,3a461cfd-fe1c-3f08-9c0e-ce50041bd3b3
asunder,0f443b1a-b4a7-3eb9-8fe3-f60ddfdaab76
latrusaintrusa,fd8b6868-6512-3dd9-92dc-a8a1451d0ee2
bryannome,f7a094e0-eaf1-312b-9f10-7621a5418c64
korocholo,9b7848dd-f025-3572-86c6-163413c8fe22
brocoli,01608030-b8ea-3bad-af4c-8c670433c51c
